Date,Population (P),Cumulative_cases,Cumulative_deaths
2/1/2020 0:00,10257557,14,0
2/2/2020 0:00,10257557,18,0
2/3/2020 0:00,10257557,22,0
2/4/2020 0:00,10257557,23,0
2/5/2020 0:00,10257557,23,0
2/6/2020 0:00,10257557,23,0
2/7/2020 0:00,10257557,24,0
2/8/2020 0:00,10257557,25,0
2/9/2020 0:00,10257557,28,0
2/10/2020 0:00,10257557,29,0
2/11/2020 0:00,10257557,31,0
2/12/2020 0:00,10257557,31,0
2/13/2020 0:00,10257557,32,0
2/14/2020 0:00,10257557,35,0
2/15/2020 0:00,10257557,40,0
2/16/2020 0:00,10257557,43,0
2/17/2020 0:00,10257557,48,0
2/18/2020 0:00,10257557,51,0
2/19/2020 0:00,10257557,54,0
2/20/2020 0:00,10257557,56,0
2/21/2020 0:00,10257557,57,0
2/22/2020 0:00,10257557,61,0
2/23/2020 0:00,10257557,63,0
2/24/2020 0:00,10257557,71,0
2/25/2020 0:00,10257557,77,0
2/26/2020 0:00,10257557,89,0
2/27/2020 0:00,10257557,95,0
2/28/2020 0:00,10257557,103,0
2/29/2020 0:00,10257557,111,0
3/1/2020 0:00,10257557,139,0
3/2/2020 0:00,10257557,158,0
3/3/2020 0:00,10257557,173,0
3/4/2020 0:00,10257557,192,0
3/5/2020 0:00,10257557,228,0
3/6/2020 0:00,10257557,275,0
3/7/2020 0:00,10257557,318,0
3/8/2020 0:00,10257557,369,0
3/9/2020 0:00,10257557,464,0
3/10/2020 0:00,10257557,568,0
3/11/2020 0:00,10257557,704,0
3/12/2020 0:00,10257557,877,0
3/13/2020 0:00,10257557,1041,0
3/14/2020 0:00,10257557,1198,0
3/15/2020 0:00,10257557,1380,0
3/16/2020 0:00,10257557,1628,1
3/17/2020 0:00,10257557,1866,1
3/18/2020 0:00,10257557,2075,1
3/19/2020 0:00,10257557,2320,5
3/20/2020 0:00,10257557,2610,8
3/21/2020 0:00,10257557,2838,12
3/22/2020 0:00,10257557,3114,16
3/23/2020 0:00,10257557,3444,23
3/24/2020 0:00,10257557,3752,27
3/25/2020 0:00,10257557,4196,33
3/26/2020 0:00,10257557,4596,37
3/27/2020 0:00,10257557,5003,46
3/28/2020 0:00,10257557,5411,55
3/29/2020 0:00,10257557,5796,71
3/30/2020 0:00,10257557,6446,81
3/31/2020 0:00,10257557,7108,99
4/1/2020 0:00,10257557,7772,119
4/2/2020 0:00,10257557,8420,141
4/3/2020 0:00,10257557,9247,168
4/4/2020 0:00,10257557,9861,189
4/5/2020 0:00,10257557,10476,215
4/6/2020 0:00,10257557,11044,232
4/7/2020 0:00,10257557,11774,258
4/8/2020 0:00,10257557,12425,301
4/9/2020 0:00,10257557,13022,342
4/10/2020 0:00,10257557,13650,372
4/11/2020 0:00,10257557,14170,407
4/12/2020 0:00,10257557,14644,445
4/13/2020 0:00,10257557,15365,492
4/14/2020 0:00,10257557,16086,542
4/15/2020 0:00,10257557,16979,580
4/16/2020 0:00,10257557,17801,642
4/17/2020 0:00,10257557,18693,686
4/18/2020 0:00,10257557,19333,729
4/19/2020 0:00,10257557,19862,770
4/20/2020 0:00,10257557,20869,818
4/21/2020 0:00,10257557,21780,862
4/22/2020 0:00,10257557,22643,914
4/23/2020 0:00,10257557,23669,965
4/24/2020 0:00,10257557,24731,1009
4/25/2020 0:00,10257557,25661,1052
4/26/2020 0:00,10257557,26294,1097
4/27/2020 0:00,10257557,27449,1140
4/28/2020 0:00,10257557,28469,1198
4/29/2020 0:00,10257557,29532,1244
4/30/2020 0:00,10257557,30509,1296
5/1/2020 0:00,10257557,31518,1338
5/2/2020 0:00,10257557,32274,1388
5/3/2020 0:00,10257557,32804,1432
5/4/2020 0:00,10257557,33761,1480
5/5/2020 0:00,10257557,35044,1519
5/6/2020 0:00,10257557,36112,1573
5/7/2020 0:00,10257557,37113,1624
5/8/2020 0:00,10257557,38234,1675
5/9/2020 0:00,10257557,38968,1731
5/10/2020 0:00,10257557,39589,1766
5/11/2020 0:00,10257557,40848,1799
5/12/2020 0:00,10257557,42031,1849
5/13/2020 0:00,10257557,43024,1895
5/14/2020 0:00,10257557,44336,1929
5/15/2020 0:00,10257557,45508,1976
5/16/2020 0:00,10257557,46296,2032
5/17/2020 0:00,10257557,46870,2077
5/18/2020 0:00,10257557,48111,2128
5/19/2020 0:00,10257557,49137,2178
5/20/2020 0:00,10257557,50341,2210
5/21/2020 0:00,10257557,51331,2241
5/22/2020 0:00,10257557,52371,2291
5/23/2020 0:00,10257557,53168,2328
5/24/2020 0:00,10257557,53713,2370
5/25/2020 0:00,10257557,54729,2402
5/26/2020 0:00,10257557,56542,2445
5/27/2020 0:00,10257557,58008,2499
5/28/2020 0:00,10257557,59379,2532
5/29/2020 0:00,10257557,60955,2569
5/30/2020 0:00,10257557,61911,2609
5/31/2020 0:00,10257557,62446,2643
6/1/2020 0:00,10257557,63741,2687
6/2/2020 0:00,10257557,65215,2720
6/3/2020 0:00,10257557,66617,2766
6/4/2020 0:00,10257557,68216,2814
6/5/2020 0:00,10257557,69681,2855
6/6/2020 0:00,10257557,70832,2893
6/7/2020 0:00,10257557,71587,2931
6/8/2020 0:00,10257557,73298,2970
6/9/2020 0:00,10257557,74758,3012
6/10/2020 0:00,10257557,76415,3039
6/11/2020 0:00,10257557,77930,3066
6/12/2020 0:00,10257557,79596,3099
6/13/2020 0:00,10257557,81002,3131
6/14/2020 0:00,10257557,82043,3161
6/15/2020 0:00,10257557,84362,3195
6/16/2020 0:00,10257557,86549,3220
6/17/2020 0:00,10257557,88870,3261
6/18/2020 0:00,10257557,91178,3292
6/19/2020 0:00,10257557,93448,3330
6/20/2020 0:00,10257557,95437,3370
6/21/2020 0:00,10257557,97011,3402
6/22/2020 0:00,10257557,99903,3433
6/23/2020 0:00,10257557,102802,3456
6/24/2020 0:00,10257557,105746,3497
6/25/2020 0:00,10257557,108506,3525
6/26/2020 0:00,10257557,111274,3558
6/27/2020 0:00,10257557,113437,3584
6/28/2020 0:00,10257557,115179,3626
6/29/2020 0:00,10257557,118383,3662
6/30/2020 0:00,10257557,121419,3700
7/1/2020 0:00,10257557,125002,3732
7/2/2020 0:00,10257557,128200,3776
7/3/2020 0:00,10257557,130218,3809
7/4/2020 0:00,10257557,131731,3839
7/5/2020 0:00,10257557,133547,3883
7/6/2020 0:00,10257557,136778,3919
7/7/2020 0:00,10257557,140378,3953
7/8/2020 0:00,10257557,143957,3992
7/9/2020 0:00,10257557,147164,4028
7/10/2020 0:00,10257557,150424,4071
7/11/2020 0:00,10257557,152847,4105
7/12/2020 0:00,10257557,154565,4135
7/13/2020 0:00,10257557,157990,4193
7/14/2020 0:00,10257557,161224,4243
7/15/2020 0:00,10257557,164363,4283
7/16/2020 0:00,10257557,167831,4331
7/17/2020 0:00,10257557,171055,4369
7/18/2020 0:00,10257557,173428,4401
7/19/2020 0:00,10257557,174874,4440
7/20/2020 0:00,10257557,178320,4482
7/21/2020 0:00,10257557,181283,4528
7/22/2020 0:00,10257557,184271,4580
7/23/2020 0:00,10257557,186921,4621
7/24/2020 0:00,10257557,189472,4662
7/25/2020 0:00,10257557,191497,4711
7/26/2020 0:00,10257557,192632,4759
7/27/2020 0:00,10257557,195199,4804
7/28/2020 0:00,10257557,197625,4840
7/29/2020 0:00,10257557,199858,4882
7/30/2020 0:00,10257557,201883,4925
7/31/2020 0:00,10257557,203912,4966
8/1/2020 0:00,10257557,205511,5012
8/2/2020 0:00,10257557,206403,5053
8/3/2020 0:00,10257557,208496,5095
8/4/2020 0:00,10257557,210533,5148
8/5/2020 0:00,10257557,212474,5183
8/6/2020 0:00,10257557,214395,5220
8/7/2020 0:00,10257557,216468,5254
8/8/2020 0:00,10257557,217935,5291
8/9/2020 0:00,10257557,218818,5331
8/10/2020 0:00,10257557,220879,5377
8/11/2020 0:00,10257557,222457,5423
8/12/2020 0:00,10257557,223957,5458
8/13/2020 0:00,10257557,225355,5489
8/14/2020 0:00,10257557,226735,5523
8/15/2020 0:00,10257557,227909,5560
8/16/2020 0:00,10257557,228660,5599
8/17/2020 0:00,10257557,230230,5639
8/18/2020 0:00,10257557,231749,5669
8/19/2020 0:00,10257557,233016,5713
8/20/2020 0:00,10257557,234293,5751
8/21/2020 0:00,10257557,235528,5786
8/22/2020 0:00,10257557,236404,5828
8/23/2020 0:00,10257557,237065,5858
8/24/2020 0:00,10257557,238667,5885
8/25/2020 0:00,10257557,240032,5918
8/26/2020 0:00,10257557,241329,5945
8/27/2020 0:00,10257557,242339,5977
8/28/2020 0:00,10257557,243340,6001
8/29/2020 0:00,10257557,244153,6035
8/30/2020 0:00,10257557,244782,6068
8/31/2020 0:00,10257557,245920,6099
9/1/2020 0:00,10257557,247027,6128
9/2/2020 0:00,10257557,248117,6153
9/3/2020 0:00,10257557,249048,6178
9/4/2020 0:00,10257557,249911,6209
9/5/2020 0:00,10257557,250480,6232
9/6/2020 0:00,10257557,251015,6255
9/7/2020 0:00,10257557,251647,6283
9/8/2020 0:00,10257557,252695,6314
9/9/2020 0:00,10257557,253628,6343
9/10/2020 0:00,10257557,254501,6368
9/11/2020 0:00,10257557,255479,6394
9/12/2020 0:00,10257557,256158,6413
9/13/2020 0:00,10257557,256717,6432
9/14/2020 0:00,10257557,257870,6450
9/15/2020 0:00,10257557,258899,6471
9/16/2020 0:00,10257557,260008,6490
9/17/2020 0:00,10257557,260989,6509
9/18/2020 0:00,10257557,261932,6523
9/19/2020 0:00,10257557,262694,6541
9/20/2020 0:00,10257557,263318,6556
9/21/2020 0:00,10257557,264546,6572
9/22/2020 0:00,10257557,265632,6592
9/23/2020 0:00,10257557,266698,6622
9/24/2020 0:00,10257557,267717,6641
9/25/2020 0:00,10257557,268759,6658
9/26/2020 0:00,10257557,269553,6679
9/27/2020 0:00,10257557,270186,6700
9/28/2020 0:00,10257557,271366,6721
9/29/2020 0:00,10257557,272473,6732
9/30/2020 0:00,10257557,273688,6746
10/1/2020 0:00,10257557,274910,6759
10/2/2020 0:00,10257557,275958,6770
10/3/2020 0:00,10257557,276859,6782
10/4/2020 0:00,10257557,277566,6800
10/5/2020 0:00,10257557,278954,6816
10/6/2020 0:00,10257557,280051,6833
10/7/2020 0:00,10257557,281289,6853
10/8/2020 0:00,10257557,282473,6875
10/9/2020 0:00,10257557,283677,6888
10/10/2020 0:00,10257557,284812,6897
10/11/2020 0:00,10257557,285530,6913
10/12/2020 0:00,10257557,286966,6928
10/13/2020 0:00,10257557,288186,6948
10/14/2020 0:00,10257557,289467,6965
10/15/2020 0:00,10257557,290782,6979
10/16/2020 0:00,10257557,292067,7000
10/17/2020 0:00,10257557,293131,7012
10/18/2020 0:00,10257557,293885,7021
10/19/2020 0:00,10257557,295596,7038
10/20/2020 0:00,10257557,297081,7052
10/21/2020 0:00,10257557,298576,7066
10/22/2020 0:00,10257557,299917,7080
10/23/2020 0:00,10257557,301296,7101
10/24/2020 0:00,10257557,302382,7115
10/25/2020 0:00,10257557,303202,7132
10/26/2020 0:00,10257557,304766,7145
10/27/2020 0:00,10257557,306193,7163
10/28/2020 0:00,10257557,307581,7176
10/29/2020 0:00,10257557,309036,7194
10/30/2020 0:00,10257557,310664,7203
10/31/2020 0:00,10257557,312100,7218
11/1/2020 0:00,10257557,313479,7236
11/2/2020 0:00,10257557,316050,7249
11/3/2020 0:00,10257557,318398,7262
11/4/2020 0:00,10257557,320855,7274
11/5/2020 0:00,10257557,323167,7284
11/6/2020 0:00,10257557,325522,7302
11/7/2020 0:00,10257557,327492,7315
11/8/2020 0:00,10257557,329005,7330
11/9/2020 0:00,10257557,332133,7347
11/10/2020 0:00,10257557,335229,7364
11/11/2020 0:00,10257557,338482,7377
11/12/2020 0:00,10257557,341853,7397
11/13/2020 0:00,10257557,345599,7419
11/14/2020 0:00,10257557,348729,7436
11/15/2020 0:00,10257557,351439,7459
11/16/2020 0:00,10257557,356488,7485
11/17/2020 0:00,10257557,361247,7520
11/18/2020 0:00,10257557,366202,7542
11/19/2020 0:00,10257557,371084,7578
11/20/2020 0:00,10257557,376113,7602
11/21/2020 0:00,10257557,380009,7636
11/22/2020 0:00,10257557,383196,7673
11/23/2020 0:00,10257557,389484,7712
11/24/2020 0:00,10257557,395594,7746
11/25/2020 0:00,10257557,401904,7784
11/26/2020 0:00,10257557,404932,7817
11/27/2020 0:00,10257557,410101,7851
11/28/2020 0:00,10257557,416626,7897
11/29/2020 0:00,10257557,421545,7932
11/30/2020 0:00,10257557,431955,7980
12/1/2020 0:00,10257557,442638,8033
12/2/2020 0:00,10257557,453018,8086
12/3/2020 0:00,10257557,463076,8159
12/4/2020 0:00,10257557,473178,8219
12/5/2020 0:00,10257557,481800,8287
12/6/2020 0:00,10257557,487599,8349
12/7/2020 0:00,10257557,501198,8436
12/8/2020 0:00,10257557,514873,8501
12/9/2020 0:00,10257557,527589,8572
12/10/2020 0:00,10257557,541096,8668
12/11/2020 0:00,10257557,555080,8786
12/12/2020 0:00,10257557,566892,8886
12/13/2020 0:00,10257557,573712,9005
12/14/2020 0:00,10257557,591357,9131
12/15/2020 0:00,10257557,609006,9247
12/16/2020 0:00,10257557,625411,9383
12/17/2020 0:00,10257557,641957,9529
12/18/2020 0:00,10257557,657643,9693
12/19/2020 0:00,10257557,669796,9855
12/20/2020 0:00,10257557,676924,10029
12/21/2020 0:00,10257557,695034,10217
12/22/2020 0:00,10257557,714134,10399
12/23/2020 0:00,10257557,731413,10587
12/24/2020 0:00,10257557,740489,10803
12/25/2020 0:00,10257557,744684,11006
12/26/2020 0:00,10257557,758359,11252
12/27/2020 0:00,10257557,766940,11514
12/28/2020 0:00,10257557,788476,11751
12/29/2020 0:00,10257557,810843,11950
12/30/2020 0:00,10257557,831058,12191
12/31/2020 0:00,10257557,841981,12468
1/1/2021 0:00,10257557,847328,12745
1/2/2021 0:00,10257557,861549,12999
1/3/2021 0:00,10257557,869925,13279
1/4/2021 0:00,10257557,891995,13575
1/5/2021 0:00,10257557,912147,13858
1/6/2021 0:00,10257557,930886,14164
1/7/2021 0:00,10257557,946849,14443
1/8/2021 0:00,10257557,961774,14731
1/9/2021 0:00,10257557,972588,15033
1/10/2021 0:00,10257557,978171,15334
1/11/2021 0:00,10257557,992792,15634
1/12/2021 0:00,10257557,1006020,15926
1/13/2021 0:00,10257557,1017684,16186
1/14/2021 0:00,10257557,1028479,16465
1/15/2021 0:00,10257557,1038507,16765
1/16/2021 0:00,10257557,1045561,17015
1/17/2021 0:00,10257557,1049648,17281
1/18/2021 0:00,10257557,1056312,17530
1/19/2021 0:00,10257557,1065824,17746
1/20/2021 0:00,10257557,1074498,17989
1/21/2021 0:00,10257557,1082000,18208
1/22/2021 0:00,10257557,1088666,18428
1/23/2021 0:00,10257557,1093136,18632
1/24/2021 0:00,10257557,1096376,18798
1/25/2021 0:00,10257557,1102798,19035
1/26/2021 0:00,10257557,1108762,19224
1/27/2021 0:00,10257557,1114054,19390
1/28/2021 0:00,10257557,1118867,19579
1/29/2021 0:00,10257557,1122780,19754
1/30/2021 0:00,10257557,1126277,19938
1/31/2021 0:00,10257557,1128674,20103
2/1/2021 0:00,10257557,1133307,20290
2/2/2021 0:00,10257557,1137136,20443
2/3/2021 0:00,10257557,1140518,20604
2/4/2021 0:00,10257557,1143603,20741
2/5/2021 0:00,10257557,1146402,20905
2/6/2021 0:00,10257557,1148503,21024
2/7/2021 0:00,10257557,1149859,21154
2/8/2021 0:00,10257557,1152621,21304
2/9/2021 0:00,10257557,1154718,21427
2/10/2021 0:00,10257557,1156696,21548
2/11/2021 0:00,10257557,1158444,21694
2/12/2021 0:00,10257557,1160072,21805
2/13/2021 0:00,10257557,1161286,21894
2/14/2021 0:00,10257557,1162145,21987
2/15/2021 0:00,10257557,1163491,22078
2/16/2021 0:00,10257557,1164878,22181
2/17/2021 0:00,10257557,1166132,22273
2/18/2021 0:00,10257557,1167187,22374
2/19/2021 0:00,10257557,1168138,22473
2/20/2021 0:00,10257557,1168890,22543
2/21/2021 0:00,10257557,1169460,22623
2/22/2021 0:00,10257557,1170502,22700
2/23/2021 0:00,10257557,1171362,22758
2/24/2021 0:00,10257557,1172235,22829
2/25/2021 0:00,10257557,1172994,22899
2/26/2021 0:00,10257557,1173742,22969
2/27/2021 0:00,10257557,1174319,23032
2/28/2021 0:00,10257557,1174820,23111
3/1/2021 0:00,10257557,1175608,23167
3/2/2021 0:00,10257557,1176267,23219
3/3/2021 0:00,10257557,1176904,23266
3/4/2021 0:00,10257557,1177543,23313
3/5/2021 0:00,10257557,1178154,23355
3/6/2021 0:00,10257557,1178646,23392
3/7/2021 0:00,10257557,1179086,23429
3/8/2021 0:00,10257557,1179813,23466
3/9/2021 0:00,10257557,1180434,23500
3/10/2021 0:00,10257557,1181031,23534
3/11/2021 0:00,10257557,1181578,23562
3/12/2021 0:00,10257557,1182111,23601
3/13/2021 0:00,10257557,1182506,23638
3/14/2021 0:00,10257557,1182824,23664
3/15/2021 0:00,10257557,1183401,23679
3/16/2021 0:00,10257557,1183973,23707
3/17/2021 0:00,10257557,1184505,23738
3/18/2021 0:00,10257557,1184959,23772
3/19/2021 0:00,10257557,1185392,23798
3/20/2021 0:00,10257557,1185732,23829
3/21/2021 0:00,10257557,1186030,23849
3/22/2021 0:00,10257557,1186566,23869
3/23/2021 0:00,10257557,1187083,23884
3/24/2021 0:00,10257557,1187604,23902
3/25/2021 0:00,10257557,1188091,23922
3/26/2021 0:00,10257557,1188529,23942
3/27/2021 0:00,10257557,1188865,23960
3/28/2021 0:00,10257557,1189179,23973
3/29/2021 0:00,10257557,1189731,23986
3/30/2021 0:00,10257557,1190228,24000
3/31/2021 0:00,10257557,1190724,24012
4/1/2021 0:00,10257557,1191192,24024
4/2/2021 0:00,10257557,1191685,24035
4/3/2021 0:00,10257557,1191994,24042
4/4/2021 0:00,10257557,1192300,24057
4/5/2021 0:00,10257557,1192845,24072
4/6/2021 0:00,10257557,1193381,24081
4/7/2021 0:00,10257557,1193894,24097
4/8/2021 0:00,10257557,1194336,24108
4/9/2021 0:00,10257557,1194835,24120
4/10/2021 0:00,10257557,1195204,24132
4/11/2021 0:00,10257557,1195479,24139
4/12/2021 0:00,10257557,1195991,24144
4/13/2021 0:00,10257557,1196494,24153
4/14/2021 0:00,10257557,1196948,24166
4/15/2021 0:00,10257557,1197347,24176
4/16/2021 0:00,10257557,1197752,24184
4/17/2021 0:00,10257557,1198052,24191
4/18/2021 0:00,10257557,1198312,24202
4/19/2021 0:00,10257557,1198772,24208
4/20/2021 0:00,10257557,1199151,24213
4/21/2021 0:00,10257557,1199498,24226
4/22/2021 0:00,10257557,1199840,24233
4/23/2021 0:00,10257557,1200162,24239
4/24/2021 0:00,10257557,1200432,24247
4/25/2021 0:00,10257557,1200664,24251
4/26/2021 0:00,10257557,1201000,24259
4/27/2021 0:00,10257557,1201329,24267
4/28/2021 0:00,10257557,1201651,24271
4/29/2021 0:00,10257557,1201953,24277
4/30/2021 0:00,10257557,1202231,24282
5/1/2021 0:00,10257557,1202441,24287
5/2/2021 0:00,10257557,1202611,24292
5/3/2021 0:00,10257557,1202963,24297
5/4/2021 0:00,10257557,1203231,24302
5/5/2021 0:00,10257557,1203521,24310
5/6/2021 0:00,10257557,1203788,24316
5/7/2021 0:00,10257557,1204030,24321
5/8/2021 0:00,10257557,1204210,24330
5/9/2021 0:00,10257557,1204364,24339
5/10/2021 0:00,10257557,1204622,24342
5/11/2021 0:00,10257557,1204889,24352
5/12/2021 0:00,10257557,1205126,24361
5/13/2021 0:00,10257557,1205311,24368
5/14/2021 0:00,10257557,1205500,24373
5/15/2021 0:00,10257557,1205635,24376
5/16/2021 0:00,10257557,1205758,24378
5/17/2021 0:00,10257557,1205983,24382
5/18/2021 0:00,10257557,1206164,24384
5/19/2021 0:00,10257557,1206344,24392
5/20/2021 0:00,10257557,1206541,24399
5/21/2021 0:00,10257557,1206698,24401
5/22/2021 0:00,10257557,1206816,24405
5/23/2021 0:00,10257557,1206925,24411
5/24/2021 0:00,10257557,1207115,24416
5/25/2021 0:00,10257557,1207287,24419
5/26/2021 0:00,10257557,1207474,24421
5/27/2021 0:00,10257557,1207640,24430
5/28/2021 0:00,10257557,1207810,24433
5/29/2021 0:00,10257557,1207921,24438
5/30/2021 0:00,10257557,1208043,24442
5/31/2021 0:00,10257557,1208158,24446
6/1/2021 0:00,10257557,1208401,24446
6/2/2021 0:00,10257557,1208638,24450
6/3/2021 0:00,10257557,1208842,24453
6/4/2021 0:00,10257557,1209013,24455
6/5/2021 0:00,10257557,1209134,24458
6/6/2021 0:00,10257557,1209263,24464
6/7/2021 0:00,10257557,1209462,24465
6/8/2021 0:00,10257557,1209686,24466
6/9/2021 0:00,10257557,1209884,24467
6/10/2021 0:00,10257557,1210072,24473
6/11/2021 0:00,10257557,1210238,24478
6/12/2021 0:00,10257557,1210388,24478
6/13/2021 0:00,10257557,1210525,24481
6/14/2021 0:00,10257557,1210793,24484
6/15/2021 0:00,10257557,1211035,24484
6/16/2021 0:00,10257557,1211260,24488
6/17/2021 0:00,10257557,1211484,24489
6/18/2021 0:00,10257557,1211699,24493
6/19/2021 0:00,10257557,1211866,24494
6/20/2021 0:00,10257557,1212070,24497
6/21/2021 0:00,10257557,1212375,24499
6/22/2021 0:00,10257557,1212669,24500
6/23/2021 0:00,10257557,1212985,24502
6/24/2021 0:00,10257557,1213322,24506
6/25/2021 0:00,10257557,1213647,24508
6/26/2021 0:00,10257557,1213931,24511
6/27/2021 0:00,10257557,1214235,24513
6/28/2021 0:00,10257557,1214787,24519
6/29/2021 0:00,10257557,1215306,24523
6/30/2021 0:00,10257557,1215920,24530
7/1/2021 0:00,10257557,1216594,24533
7/2/2021 0:00,10257557,1217198,24537
7/3/2021 0:00,10257557,1217672,24543
7/4/2021 0:00,10257557,1218101,24547
7/5/2021 0:00,10257557,1218965,24551
7/6/2021 0:00,10257557,1220159,24556
7/7/2021 0:00,10257557,1221378,24561
7/8/2021 0:00,10257557,1222559,24564
7/9/2021 0:00,10257557,1223773,24571
7/10/2021 0:00,10257557,1224777,24577
7/11/2021 0:00,10257557,1225805,24581
7/12/2021 0:00,10257557,1227563,24584
7/13/2021 0:00,10257557,1229360,24588
7/14/2021 0:00,10257557,1231211,24593
7/15/2021 0:00,10257557,1233228,24598
7/16/2021 0:00,10257557,1235216,24602
7/17/2021 0:00,10257557,1236717,24608
7/18/2021 0:00,10257557,1238255,24612
7/19/2021 0:00,10257557,1240944,24621
7/20/2021 0:00,10257557,1243549,24629
7/21/2021 0:00,10257557,1246345,24635
7/22/2021 0:00,10257557,1248859,24647
7/23/2021 0:00,10257557,1251299,24663
7/24/2021 0:00,10257557,1253243,24671
7/25/2021 0:00,10257557,1255021,24679
7/26/2021 0:00,10257557,1258443,24685
7/27/2021 0:00,10257557,1261791,24699
7/28/2021 0:00,10257557,1265261,24704
7/29/2021 0:00,10257557,1268437,24717
7/30/2021 0:00,10257557,1271543,24723
7/31/2021 0:00,10257557,1273878,24734
8/1/2021 0:00,10257557,1276084,24744
8/2/2021 0:00,10257557,1279776,24759
8/3/2021 0:00,10257557,1283499,24771
8/4/2021 0:00,10257557,1287247,24790
8/5/2021 0:00,10257557,1290740,24813
8/6/2021 0:00,10257557,1293961,24830
8/7/2021 0:00,10257557,1296453,24853
8/8/2021 0:00,10257557,1298490,24872
8/9/2021 0:00,10257557,1302739,24900
8/10/2021 0:00,10257557,1306756,24925
8/11/2021 0:00,10257557,1310515,24939
8/12/2021 0:00,10257557,1313845,24961
8/13/2021 0:00,10257557,1317037,24992
8/14/2021 0:00,10257557,1319363,25020
8/15/2021 0:00,10257557,1321137,25035
8/16/2021 0:00,10257557,1324671,25063
8/17/2021 0:00,10257557,1328055,25093
8/18/2021 0:00,10257557,1331623,25118
8/19/2021 0:00,10257557,1334777,25149
8/20/2021 0:00,10257557,1337761,25173
8/21/2021 0:00,10257557,1339640,25198
8/22/2021 0:00,10257557,1340938,25212
8/23/2021 0:00,10257557,1344260,25245
8/24/2021 0:00,10257557,1347232,25276
8/25/2021 0:00,10257557,1350096,25304
8/26/2021 0:00,10257557,1352697,25334
8/27/2021 0:00,10257557,1354972,25361
8/28/2021 0:00,10257557,1356502,25388
8/29/2021 0:00,10257557,1357718,25419
8/30/2021 0:00,10257557,1360466,25440
8/31/2021 0:00,10257557,1362925,25465
9/1/2021 0:00,10257557,1365520,25496
9/2/2021 0:00,10257557,1367786,25542
9/3/2021 0:00,10257557,1369643,25575
9/4/2021 0:00,10257557,1370975,25603
9/5/2021 0:00,10257557,1371933,25640
9/6/2021 0:00,10257557,1373231,25671
9/7/2021 0:00,10257557,1375610,25703
9/8/2021 0:00,10257557,1377840,25728
9/9/2021 0:00,10257557,1379913,25760
9/10/2021 0:00,10257557,1381780,25787
9/11/2021 0:00,10257557,1382986,25811
9/12/2021 0:00,10257557,1383960,25831
9/13/2021 0:00,10257557,1386019,25851
9/14/2021 0:00,10257557,1387884,25871
9/15/2021 0:00,10257557,1389720,25890
9/16/2021 0:00,10257557,1391226,25914
9/17/2021 0:00,10257557,1392617,25937
9/18/2021 0:00,10257557,1393597,25966
9/19/2021 0:00,10257557,1394360,25982
9/20/2021 0:00,10257557,1396342,26006
9/21/2021 0:00,10257557,1397865,26031
9/22/2021 0:00,10257557,1399321,26059
9/23/2021 0:00,10257557,1400644,26078
9/24/2021 0:00,10257557,1401841,26102
9/25/2021 0:00,10257557,1402728,26127
9/26/2021 0:00,10257557,1403437,26144
9/27/2021 0:00,10257557,1404927,26162
9/28/2021 0:00,10257557,1406264,26180
9/29/2021 0:00,10257557,1407553,26200
9/30/2021 0:00,10257557,1408776,26212
10/1/2021 0:00,10257557,1409985,26232
10/2/2021 0:00,10257557,1410750,26258
10/3/2021 0:00,10257557,1411362,26273
10/4/2021 0:00,10257557,1412622,26289
10/5/2021 0:00,10257557,1413743,26311
10/6/2021 0:00,10257557,1414886,26328
10/7/2021 0:00,10257557,1415843,26348
10/8/2021 0:00,10257557,1416799,26368
10/9/2021 0:00,10257557,1417460,26375
10/10/2021 0:00,10257557,1418046,26384
10/11/2021 0:00,10257557,1419234,26397
10/12/2021 0:00,10257557,1420280,26414
10/13/2021 0:00,10257557,1421340,26426
10/14/2021 0:00,10257557,1422397,26441
10/15/2021 0:00,10257557,1423383,26452
10/16/2021 0:00,10257557,1424069,26475
10/17/2021 0:00,10257557,1424722,26490
10/18/2021 0:00,10257557,1426058,26501
10/19/2021 0:00,10257557,1427301,26510
10/20/2021 0:00,10257557,1428548,26520
10/21/2021 0:00,10257557,1429666,26535
10/22/2021 0:00,10257557,1430787,26548
10/23/2021 0:00,10257557,1431552,26561
10/24/2021 0:00,10257557,1432228,26574
10/25/2021 0:00,10257557,1433662,26586
10/26/2021 0:00,10257557,1435017,26599
10/27/2021 0:00,10257557,1436356,26611
10/28/2021 0:00,10257557,1437585,26626
10/29/2021 0:00,10257557,1438722,26637
10/30/2021 0:00,10257557,1439563,26651
10/31/2021 0:00,10257557,1440285,26663
11/1/2021 0:00,10257557,1441837,26677
11/2/2021 0:00,10257557,1443223,26691
11/3/2021 0:00,10257557,1444665,26702
11/4/2021 0:00,10257557,1446017,26718
11/5/2021 0:00,10257557,1447323,26734
11/6/2021 0:00,10257557,1448146,26746
11/7/2021 0:00,10257557,1448917,26760
11/8/2021 0:00,10257557,1450405,26771
11/9/2021 0:00,10257557,1451743,26790
11/10/2021 0:00,10257557,1452996,26810
11/11/2021 0:00,10257557,1453947,26826
11/12/2021 0:00,10257557,1455043,26839
11/13/2021 0:00,10257557,1455771,26851
11/14/2021 0:00,10257557,1456425,26866
11/15/2021 0:00,10257557,1457789,26887
11/16/2021 0:00,10257557,1458978,26895
11/17/2021 0:00,10257557,1460147,26907
11/18/2021 0:00,10257557,1461244,26918
11/19/2021 0:00,10257557,1462232,26929
11/20/2021 0:00,10257557,1462920,26939
11/21/2021 0:00,10257557,1463540,26951
11/22/2021 0:00,10257557,1464599,26963
11/23/2021 0:00,10257557,1465664,26989
11/24/2021 0:00,10257557,1466672,27002
11/25/2021 0:00,10257557,1467157,27017
11/26/2021 0:00,10257557,1468127,27029
11/27/2021 0:00,10257557,1468976,27040
11/28/2021 0:00,10257557,1469983,27055
11/29/2021 0:00,10257557,1472149,27075
11/30/2021 0:00,10257557,1473997,27092
12/1/2021 0:00,10257557,1475794,27112
12/2/2021 0:00,10257557,1477385,27127
12/3/2021 0:00,10257557,1478904,27140
12/4/2021 0:00,10257557,1479850,27149
12/5/2021 0:00,10257557,1480727,27160
12/6/2021 0:00,10257557,1482573,27169
12/7/2021 0:00,10257557,1484235,27183
12/8/2021 0:00,10257557,1486012,27193
12/9/2021 0:00,10257557,1487559,27208
12/10/2021 0:00,10257557,1489100,27216
12/11/2021 0:00,10257557,1490189,27236
12/12/2021 0:00,10257557,1491403,27248
12/13/2021 0:00,10257557,1494319,27263
12/14/2021 0:00,10257557,1497104,27273
12/15/2021 0:00,10257557,1500776,27292
12/16/2021 0:00,10257557,1504685,27307
12/17/2021 0:00,10257557,1508899,27325
12/18/2021 0:00,10257557,1512845,27338
12/19/2021 0:00,10257557,1516944,27357
12/20/2021 0:00,10257557,1525956,27370
12/21/2021 0:00,10257557,1537454,27383
12/22/2021 0:00,10257557,1551363,27397
12/23/2021 0:00,10257557,1564924,27418
12/24/2021 0:00,10257557,1574491,27431
12/25/2021 0:00,10257557,1579369,27447
12/26/2021 0:00,10257557,1592195,27461
12/27/2021 0:00,10257557,1622108,27485
12/28/2021 0:00,10257557,1658477,27504
12/29/2021 0:00,10257557,1690774,27522
12/30/2021 0:00,10257557,1720795,27538
12/31/2021 0:00,10257557,1744117,27557
1/1/2022 0:00,10257557,1754905,27580
1/2/2022 0:00,10257557,1775064,27598
1/3/2022 0:00,10257557,1826295,27634
1/4/2022 0:00,10257557,1887176,27662
1/5/2022 0:00,10257557,1947172,27704
1/6/2022 0:00,10257557,2003527,27742
1/7/2022 0:00,10257557,2057719,27778
1/8/2022 0:00,10257557,2088919,27826
1/9/2022 0:00,10257557,2107325,27865
1/10/2022 0:00,10257557,2155424,27904
1/11/2022 0:00,10257557,2201014,27967
1/12/2022 0:00,10257557,2243535,28037
1/13/2022 0:00,10257557,2283310,28106
1/14/2022 0:00,10257557,2319826,28172
1/15/2022 0:00,10257557,2339158,28265
1/16/2022 0:00,10257557,2350710,28334
1/17/2022 0:00,10257557,2373930,28409
1/18/2022 0:00,10257557,2413175,28489
1/19/2022 0:00,10257557,2446629,28585
1/20/2022 0:00,10257557,2475035,28663
1/21/2022 0:00,10257557,2499779,28754
1/22/2022 0:00,10257557,2511088,28843
1/23/2022 0:00,10257557,2518516,28942
1/24/2022 0:00,10257557,2538858,29020
1/25/2022 0:00,10257557,2555393,29105
1/26/2022 0:00,10257557,2570348,29195
1/27/2022 0:00,10257557,2582560,29278
1/28/2022 0:00,10257557,2593720,29364
1/29/2022 0:00,10257557,2599448,29454
1/30/2022 0:00,10257557,2603355,29561
1/31/2022 0:00,10257557,2613440,29660
2/1/2022 0:00,10257557,2621672,29773
2/2/2022 0:00,10257557,2628831,29881
2/3/2022 0:00,10257557,2635054,29970
2/4/2022 0:00,10257557,2640475,30063
2/5/2022 0:00,10257557,2643112,30142
2/6/2022 0:00,10257557,2645287,30212
2/7/2022 0:00,10257557,2650792,30298
2/8/2022 0:00,10257557,2655221,30391
2/9/2022 0:00,10257557,2659529,30473
2/10/2022 0:00,10257557,2663162,30542
2/11/2022 0:00,10257557,2666299,30619
2/12/2022 0:00,10257557,2667930,30674
2/13/2022 0:00,10257557,2669085,30729
2/14/2022 0:00,10257557,2672236,30787
2/15/2022 0:00,10257557,2674797,30826
2/16/2022 0:00,10257557,2677052,30893
2/17/2022 0:00,10257557,2679130,30945
2/18/2022 0:00,10257557,2680952,30991
2/19/2022 0:00,10257557,2681936,31022
2/20/2022 0:00,10257557,2682724,31072
2/21/2022 0:00,10257557,2684046,31110
2/22/2022 0:00,10257557,2685820,31152
2/23/2022 0:00,10257557,2687279,31181
2/24/2022 0:00,10257557,2688640,31208
2/25/2022 0:00,10257557,2689797,31243
2/26/2022 0:00,10257557,2690385,31273
2/27/2022 0:00,10257557,2690956,31296
2/28/2022 0:00,10257557,2692265,31331
3/1/2022 0:00,10257557,2693430,31364
3/2/2022 0:00,10257557,2694380,31384
3/3/2022 0:00,10257557,2695258,31408
3/4/2022 0:00,10257557,2695983,31429
3/5/2022 0:00,10257557,2696513,31456
3/6/2022 0:00,10257557,2696877,31476
3/7/2022 0:00,10257557,2697801,31502
3/8/2022 0:00,10257557,2698599,31520
3/9/2022 0:00,10257557,2699291,31538
3/10/2022 0:00,10257557,2699936,31562
3/11/2022 0:00,10257557,2700490,31583
3/12/2022 0:00,10257557,2700811,31602
3/13/2022 0:00,10257557,2701137,31611
3/14/2022 0:00,10257557,2701862,31617
3/15/2022 0:00,10257557,2702493,31628
3/16/2022 0:00,10257557,2703181,31638
3/17/2022 0:00,10257557,2703812,31653
3/18/2022 0:00,10257557,2704470,31663
3/19/2022 0:00,10257557,2704823,31671
3/20/2022 0:00,10257557,2705200,31684
3/21/2022 0:00,10257557,2705992,31693
3/22/2022 0:00,10257557,2706850,31701
3/23/2022 0:00,10257557,2707517,31708
3/24/2022 0:00,10257557,2708197,31711
3/25/2022 0:00,10257557,2708770,31726
3/26/2022 0:00,10257557,2709194,31732
3/27/2022 0:00,10257557,2709650,31738
3/28/2022 0:00,10257557,2710467,31746
3/29/2022 0:00,10257557,2711336,31756
3/30/2022 0:00,10257557,2712166,31760
3/31/2022 0:00,10257557,2712982,31767
4/1/2022 0:00,10257557,2713723,31778
4/2/2022 0:00,10257557,2714217,31784
4/3/2022 0:00,10257557,2714737,31786
4/4/2022 0:00,10257557,2715927,31793
4/5/2022 0:00,10257557,2717022,31798
4/6/2022 0:00,10257557,2718076,31810
4/7/2022 0:00,10257557,2719121,31819
4/8/2022 0:00,10257557,2720029,31822
4/9/2022 0:00,10257557,2720656,31827
4/10/2022 0:00,10257557,2721341,31832
4/11/2022 0:00,10257557,2722665,31839
4/12/2022 0:00,10257557,2723918,31845
4/13/2022 0:00,10257557,2725159,31849
4/14/2022 0:00,10257557,2726420,31857
4/15/2022 0:00,10257557,2727506,31865
4/16/2022 0:00,10257557,2728284,31871
4/17/2022 0:00,10257557,2729001,31875
4/18/2022 0:00,10257557,2730984,31876
4/19/2022 0:00,10257557,2732810,31880
4/20/2022 0:00,10257557,2734603,31887
4/21/2022 0:00,10257557,2736342,31888
4/22/2022 0:00,10257557,2737989,31892
4/23/2022 0:00,10257557,2739069,31894
4/24/2022 0:00,10257557,2740015,31901
4/25/2022 0:00,10257557,2742357,31906
4/26/2022 0:00,10257557,2744737,31909
4/27/2022 0:00,10257557,2747117,31915
4/28/2022 0:00,10257557,2749428,31917
4/29/2022 0:00,10257557,2751486,31923
4/30/2022 0:00,10257557,2752781,31924
5/1/2022 0:00,10257557,2754163,31927
5/2/2022 0:00,10257557,2757171,31930
5/3/2022 0:00,10257557,2760196,31935
5/4/2022 0:00,10257557,2763255,31937
5/5/2022 0:00,10257557,2766036,31939
5/6/2022 0:00,10257557,2768614,31945
5/7/2022 0:00,10257557,2770431,31951
5/8/2022 0:00,10257557,2772009,31956
5/9/2022 0:00,10257557,2775599,31959
5/10/2022 0:00,10257557,2778948,31968
5/11/2022 0:00,10257557,2782235,31973
5/12/2022 0:00,10257557,2785351,31975
5/13/2022 0:00,10257557,2788558,31981
5/14/2022 0:00,10257557,2790500,31988
5/15/2022 0:00,10257557,2792432,31994
5/16/2022 0:00,10257557,2797020,31997
5/17/2022 0:00,10257557,2801441,32004
5/18/2022 0:00,10257557,2805965,32007
5/19/2022 0:00,10257557,2810288,32011
5/20/2022 0:00,10257557,2814250,32013
5/21/2022 0:00,10257557,2816612,32020
5/22/2022 0:00,10257557,2818927,32023
5/23/2022 0:00,10257557,2824769,32028
5/24/2022 0:00,10257557,2830177,32039
5/25/2022 0:00,10257557,2835447,32044
5/26/2022 0:00,10257557,2840074,32048
5/27/2022 0:00,10257557,2844244,32051
5/28/2022 0:00,10257557,2846594,32060
5/29/2022 0:00,10257557,2848575,32066
5/30/2022 0:00,10257557,2850816,32075
5/31/2022 0:00,10257557,2858112,32081
6/1/2022 0:00,10257557,2864183,32087
6/2/2022 0:00,10257557,2869578,32091
6/3/2022 0:00,10257557,2874498,32097
6/4/2022 0:00,10257557,2877403,32102
6/5/2022 0:00,10257557,2879860,32110
6/6/2022 0:00,10257557,2885925,32114
6/7/2022 0:00,10257557,2891557,32122
6/8/2022 0:00,10257557,2896875,32128
6/9/2022 0:00,10257557,2901491,32136
6/10/2022 0:00,10257557,2905893,32141
6/11/2022 0:00,10257557,2908622,32151
6/12/2022 0:00,10257557,2910972,32161
6/13/2022 0:00,10257557,2915923,32168
6/14/2022 0:00,10257557,2920496,32175
6/15/2022 0:00,10257557,2925019,32181
6/16/2022 0:00,10257557,2929308,32192
6/17/2022 0:00,10257557,2933297,32204
6/18/2022 0:00,10257557,2936143,32213
6/19/2022 0:00,10257557,2938587,32218
6/20/2022 0:00,10257557,2943453,32226
6/21/2022 0:00,10257557,2948863,32238
6/22/2022 0:00,10257557,2953687,32247
6/23/2022 0:00,10257557,2958652,32257
6/24/2022 0:00,10257557,2963322,32270
6/25/2022 0:00,10257557,2966609,32276
6/26/2022 0:00,10257557,2969625,32290
6/27/2022 0:00,10257557,2976218,32299
6/28/2022 0:00,10257557,2982421,32309
6/29/2022 0:00,10257557,2988364,32317
6/30/2022 0:00,10257557,2994005,32326
7/1/2022 0:00,10257557,2999413,32337
7/2/2022 0:00,10257557,3002900,32356
7/3/2022 0:00,10257557,3005662,32372
7/4/2022 0:00,10257557,3008485,32387
7/5/2022 0:00,10257557,3016977,32395
7/6/2022 0:00,10257557,3023914,32406
7/7/2022 0:00,10257557,3030370,32421
7/8/2022 0:00,10257557,3036712,32438
7/9/2022 0:00,10257557,3040994,32451
7/10/2022 0:00,10257557,3044499,32463
7/11/2022 0:00,10257557,3051815,32478
7/12/2022 0:00,10257557,3058970,32499
7/13/2022 0:00,10257557,3065788,32511
7/14/2022 0:00,10257557,3072475,32517
7/15/2022 0:00,10257557,3078674,32533
7/16/2022 0:00,10257557,3082872,32545
7/17/2022 0:00,10257557,3086349,32575
7/18/2022 0:00,10257557,3093670,32590
7/19/2022 0:00,10257557,3100514,32606
7/20/2022 0:00,10257557,3106690,32622
7/21/2022 0:00,10257557,3112304,32638
7/22/2022 0:00,10257557,3117927,32659
7/23/2022 0:00,10257557,3121466,32673
7/24/2022 0:00,10257557,3124313,32690
7/25/2022 0:00,10257557,3130807,32712
7/26/2022 0:00,10257557,3136664,32731
7/27/2022 0:00,10257557,3141699,32751
7/28/2022 0:00,10257557,3146478,32774
7/29/2022 0:00,10257557,3150806,32790
7/30/2022 0:00,10257557,3153673,32808
7/31/2022 0:00,10257557,3156157,32822
8/1/2022 0:00,10257557,3161417,32843
8/2/2022 0:00,10257557,3166176,32861
8/3/2022 0:00,10257557,3170550,32889
8/4/2022 0:00,10257557,3174303,32907
8/5/2022 0:00,10257557,3178028,32934
8/6/2022 0:00,10257557,3180540,32948
8/7/2022 0:00,10257557,3182746,32956
8/8/2022 0:00,10257557,3187215,32973
8/9/2022 0:00,10257557,3190878,32990
8/10/2022 0:00,10257557,3194391,33008
8/11/2022 0:00,10257557,3197613,33021
8/12/2022 0:00,10257557,3200631,33041
8/13/2022 0:00,10257557,3202728,33053
8/14/2022 0:00,10257557,3204590,33069
8/15/2022 0:00,10257557,3208169,33083
8/16/2022 0:00,10257557,3211594,33104
8/17/2022 0:00,10257557,3214680,33120
8/18/2022 0:00,10257557,3217485,33143
8/19/2022 0:00,10257557,3219982,33157
8/20/2022 0:00,10257557,3221811,33176
8/21/2022 0:00,10257557,3223402,33189
8/22/2022 0:00,10257557,3226666,33205
8/23/2022 0:00,10257557,3229607,33216
8/24/2022 0:00,10257557,3232276,33235
8/25/2022 0:00,10257557,3234640,33246
8/26/2022 0:00,10257557,3236801,33261
8/27/2022 0:00,10257557,3238214,33270
8/28/2022 0:00,10257557,3239542,33284
8/29/2022 0:00,10257557,3242245,33292
8/30/2022 0:00,10257557,3244483,33301
8/31/2022 0:00,10257557,3246581,33316
9/1/2022 0:00,10257557,3248405,33328
9/2/2022 0:00,10257557,3249992,33342
9/3/2022 0:00,10257557,3251050,33358
9/4/2022 0:00,10257557,3252002,33374
9/5/2022 0:00,10257557,3252953,33390
9/6/2022 0:00,10257557,3255386,33403
9/7/2022 0:00,10257557,3257175,33417
9/8/2022 0:00,10257557,3258782,33429
9/9/2022 0:00,10257557,3260249,33446
9/10/2022 0:00,10257557,3261292,33456
9/11/2022 0:00,10257557,3262234,33466
9/12/2022 0:00,10257557,3263982,33474
9/13/2022 0:00,10257557,3265510,33482
9/14/2022 0:00,10257557,3266834,33491
9/15/2022 0:00,10257557,3268089,33502
9/16/2022 0:00,10257557,3269253,33507
9/17/2022 0:00,10257557,3270152,33517
9/18/2022 0:00,10257557,3270985,33530
9/19/2022 0:00,10257557,3272535,33540
9/20/2022 0:00,10257557,3273918,33545
9/21/2022 0:00,10257557,3275081,33556
9/22/2022 0:00,10257557,3276249,33566
9/23/2022 0:00,10257557,3277293,33571
9/24/2022 0:00,10257557,3278062,33581
9/25/2022 0:00,10257557,3278789,33591
9/26/2022 0:00,10257557,3280257,33603
9/27/2022 0:00,10257557,3281446,33614
9/28/2022 0:00,10257557,3282645,33618
9/29/2022 0:00,10257557,3283766,33627
9/30/2022 0:00,10257557,3284757,33634
10/1/2022 0:00,10257557,3285502,33639
10/2/2022 0:00,10257557,3286129,33647
10/3/2022 0:00,10257557,3287277,33652
10/4/2022 0:00,10257557,3288307,33662
10/5/2022 0:00,10257557,3289204,33673
10/6/2022 0:00,10257557,3290039,33682
10/7/2022 0:00,10257557,3290885,33691
10/8/2022 0:00,10257557,3291495,33701
10/9/2022 0:00,10257557,3292056,33707
10/10/2022 0:00,10257557,3293044,33715
10/11/2022 0:00,10257557,3293920,33722
10/12/2022 0:00,10257557,3294744,33727
10/13/2022 0:00,10257557,3295495,33737
10/14/2022 0:00,10257557,3296229,33746
10/15/2022 0:00,10257557,3296733,33751
10/16/2022 0:00,10257557,3297211,33753
10/17/2022 0:00,10257557,3298132,33757
10/18/2022 0:00,10257557,3299029,33764
10/19/2022 0:00,10257557,3299839,33769
10/20/2022 0:00,10257557,3300667,33777
10/21/2022 0:00,10257557,3301416,33788
10/22/2022 0:00,10257557,3301980,33795
10/23/2022 0:00,10257557,3302502,33804
10/24/2022 0:00,10257557,3303468,33811
10/25/2022 0:00,10257557,3304470,33821
10/26/2022 0:00,10257557,3305363,33822
10/27/2022 0:00,10257557,3306291,33830
10/28/2022 0:00,10257557,3307159,33839
10/29/2022 0:00,10257557,3307796,33841
10/30/2022 0:00,10257557,3308429,33843
10/31/2022 0:00,10257557,3309696,33849
11/1/2022 0:00,10257557,3310933,33855
11/2/2022 0:00,10257557,3312177,33862
11/3/2022 0:00,10257557,3313385,33871
11/4/2022 0:00,10257557,3314480,33884
11/5/2022 0:00,10257557,3315306,33889
11/6/2022 0:00,10257557,3316167,33897
11/7/2022 0:00,10257557,3317810,33904
11/8/2022 0:00,10257557,3319183,33909
11/9/2022 0:00,10257557,3320612,33918
11/10/2022 0:00,10257557,3322081,33924
11/11/2022 0:00,10257557,3323355,33932
11/12/2022 0:00,10257557,3324306,33935
11/13/2022 0:00,10257557,3325285,33942
11/14/2022 0:00,10257557,3327244,33953
11/15/2022 0:00,10257557,3329022,33965
11/16/2022 0:00,10257557,3330907,33979
11/17/2022 0:00,10257557,3332730,33987
11/18/2022 0:00,10257557,3334675,33995
11/19/2022 0:00,10257557,3336077,34006
11/20/2022 0:00,10257557,3337589,34013
11/21/2022 0:00,10257557,3340482,34022
11/22/2022 0:00,10257557,3343104,34032
11/23/2022 0:00,10257557,3345810,34046
11/24/2022 0:00,10257557,3346869,34055
11/25/2022 0:00,10257557,3349478,34067
11/26/2022 0:00,10257557,3351803,34076
11/27/2022 0:00,10257557,3354312,34096
11/28/2022 0:00,10257557,3359457,34112
11/29/2022 0:00,10257557,3363789,34127
11/30/2022 0:00,10257557,3367765,34142
12/1/2022 0:00,10257557,3371245,34150
12/2/2022 0:00,10257557,3374137,34166
12/3/2022 0:00,10257557,3376194,34182
12/4/2022 0:00,10257557,3378094,34198
12/5/2022 0:00,10257557,3381946,34222
12/6/2022 0:00,10257557,3385064,34242
12/7/2022 0:00,10257557,3387942,34262
12/8/2022 0:00,10257557,3390634,34284
12/9/2022 0:00,10257557,3393152,34301
12/10/2022 0:00,10257557,3394869,34330
12/11/2022 0:00,10257557,3396334,34355
12/12/2022 0:00,10257557,3399563,34380
12/13/2022 0:00,10257557,3402364,34401
12/14/2022 0:00,10257557,3404936,34424
12/15/2022 0:00,10257557,3407315,34435
12/16/2022 0:00,10257557,3409346,34456
12/17/2022 0:00,10257557,3410815,34474
12/18/2022 0:00,10257557,3412122,34496
12/19/2022 0:00,10257557,3414926,34510
12/20/2022 0:00,10257557,3417546,34530
12/21/2022 0:00,10257557,3419923,34555
12/22/2022 0:00,10257557,3422163,34580
12/23/2022 0:00,10257557,3424195,34610
12/24/2022 0:00,10257557,3425387,34630
12/25/2022 0:00,10257557,3426152,34655
12/26/2022 0:00,10257557,3428478,34680
12/27/2022 0:00,10257557,3431320,34708
12/28/2022 0:00,10257557,3433892,34726
12/29/2022 0:00,10257557,3436100,34744
12/30/2022 0:00,10257557,3438088,34775
12/31/2022 0:00,10257557,3439219,34790
1/1/2023 0:00,10257557,3440066,34807
1/2/2023 0:00,10257557,3441928,34826
1/3/2023 0:00,10257557,3444130,34849
1/4/2023 0:00,10257557,3445892,34864
1/5/2023 0:00,10257557,3447417,34893
1/6/2023 0:00,10257557,3448876,34917
1/7/2023 0:00,10257557,3449868,34934
1/8/2023 0:00,10257557,3450735,34948
1/9/2023 0:00,10257557,3452135,34966
1/10/2023 0:00,10257557,3453228,34987
1/11/2023 0:00,10257557,3454416,35006
1/12/2023 0:00,10257557,3455416,35029
1/13/2023 0:00,10257557,3456316,35055
1/14/2023 0:00,10257557,3456890,35071
1/15/2023 0:00,10257557,3457483,35090
1/16/2023 0:00,10257557,3458273,35111
1/17/2023 0:00,10257557,3459375,35128
1/18/2023 0:00,10257557,3460259,35147
1/19/2023 0:00,10257557,3461080,35165
1/20/2023 0:00,10257557,3461875,35186
1/21/2023 0:00,10257557,3462390,35200
1/22/2023 0:00,10257557,3462950,35210
1/23/2023 0:00,10257557,3463936,35221
1/24/2023 0:00,10257557,3464913,35240
1/25/2023 0:00,10257557,3465790,35260
1/26/2023 0:00,10257557,3466566,35277
1/27/2023 0:00,10257557,3467418,35293
1/28/2023 0:00,10257557,3468006,35307
1/29/2023 0:00,10257557,3468618,35318
1/30/2023 0:00,10257557,3469785,35330
1/31/2023 0:00,10257557,3470850,35345
2/1/2023 0:00,10257557,3471771,35359
2/2/2023 0:00,10257557,3472638,35373
2/3/2023 0:00,10257557,3473440,35384
2/4/2023 0:00,10257557,3474025,35395
2/5/2023 0:00,10257557,3474658,35408
2/6/2023 0:00,10257557,3475835,35421
2/7/2023 0:00,10257557,3476800,35431
2/8/2023 0:00,10257557,3477796,35447
2/9/2023 0:00,10257557,3478666,35459
2/10/2023 0:00,10257557,3479494,35472
2/11/2023 0:00,10257557,3480147,35479
2/12/2023 0:00,10257557,3480785,35487
2/13/2023 0:00,10257557,3481868,35499
2/14/2023 0:00,10257557,3482814,35514
2/15/2023 0:00,10257557,3483759,35523
2/16/2023 0:00,10257557,3484648,35536
2/17/2023 0:00,10257557,3485461,35542
2/18/2023 0:00,10257557,3486042,35557
2/19/2023 0:00,10257557,3486608,35570
2/20/2023 0:00,10257557,3487566,35581
2/21/2023 0:00,10257557,3488676,35588
2/22/2023 0:00,10257557,3489604,35596
2/23/2023 0:00,10257557,3490468,35609
2/24/2023 0:00,10257557,3491128,35619
2/25/2023 0:00,10257557,3491578,35627
2/26/2023 0:00,10257557,3492066,35642
2/27/2023 0:00,10257557,3492971,35654
2/28/2023 0:00,10257557,3493862,35668
3/1/2023 0:00,10257557,3494572,35677
3/2/2023 0:00,10257557,3495369,35693
3/3/2023 0:00,10257557,3495977,35702
3/4/2023 0:00,10257557,3496448,35714
3/5/2023 0:00,10257557,3496851,35718
3/6/2023 0:00,10257557,3497652,35722
3/7/2023 0:00,10257557,3498314,35729
3/8/2023 0:00,10257557,3499049,35743
3/9/2023 0:00,10257557,3499711,35754
3/10/2023 0:00,10257557,3500273,35765
3/11/2023 0:00,10257557,3500686,35771
3/12/2023 0:00,10257557,3501030,35778
3/13/2023 0:00,10257557,3501772,35794
3/14/2023 0:00,10257557,3502274,35804
3/15/2023 0:00,10257557,3502792,35812
3/16/2023 0:00,10257557,3503405,35823
3/17/2023 0:00,10257557,3503893,35834
3/18/2023 0:00,10257557,3504237,35842
3/19/2023 0:00,10257557,3504476,35849
3/20/2023 0:00,10257557,3505001,35854
3/21/2023 0:00,10257557,3505456,35858
3/22/2023 0:00,10257557,3505833,35863
3/23/2023 0:00,10257557,3506235,35866
3/24/2023 0:00,10257557,3506588,35869
3/25/2023 0:00,10257557,3506804,35876
3/26/2023 0:00,10257557,3507048,35884
3/27/2023 0:00,10257557,3507443,35887
3/28/2023 0:00,10257557,3507902,35891
3/29/2023 0:00,10257557,3508329,35897
3/30/2023 0:00,10257557,3508709,35902
3/31/2023 0:00,10257557,3509036,35908
4/1/2023 0:00,10257557,3509295,35914
4/2/2023 0:00,10257557,3509501,35922
4/3/2023 0:00,10257557,3509923,35929
4/4/2023 0:00,10257557,3510292,35936
4/5/2023 0:00,10257557,3510647,35942
4/6/2023 0:00,10257557,3511004,35949
4/7/2023 0:00,10257557,3511348,35954
4/8/2023 0:00,10257557,3511616,35959
4/9/2023 0:00,10257557,3511798,35966
4/10/2023 0:00,10257557,3512368,35972
4/11/2023 0:00,10257557,3512764,35977
4/12/2023 0:00,10257557,3513142,35982
4/13/2023 0:00,10257557,3513515,35987
4/14/2023 0:00,10257557,3513810,35994
4/15/2023 0:00,10257557,3514027,35999
4/16/2023 0:00,10257557,3514216,36010
4/17/2023 0:00,10257557,3514585,36013
4/18/2023 0:00,10257557,3514923,36019
4/19/2023 0:00,10257557,3515200,36027
4/20/2023 0:00,10257557,3515511,36029
4/21/2023 0:00,10257557,3515771,36032
4/22/2023 0:00,10257557,3515966,36040
4/23/2023 0:00,10257557,3516155,36042
4/24/2023 0:00,10257557,3516518,36046
4/25/2023 0:00,10257557,3516848,36054
4/26/2023 0:00,10257557,3517184,36059
4/27/2023 0:00,10257557,3517485,36068
4/28/2023 0:00,10257557,3517729,36071
4/29/2023 0:00,10257557,3517917,36075
4/30/2023 0:00,10257557,3518078,36081
5/1/2023 0:00,10257557,3518441,36083
5/2/2023 0:00,10257557,3518784,36085
5/3/2023 0:00,10257557,3519043,36091
5/4/2023 0:00,10257557,3519313,36094
5/5/2023 0:00,10257557,3519592,36100
5/6/2023 0:00,10257557,3519758,36105
5/7/2023 0:00,10257557,3519951,36110
5/8/2023 0:00,10257557,3520306,36117
5/9/2023 0:00,10257557,3520634,36119
5/10/2023 0:00,10257557,3520951,36122
5/11/2023 0:00,10257557,3521268,36128
5/12/2023 0:00,10257557,3521495,36134
5/13/2023 0:00,10257557,3521630,36141
5/14/2023 0:00,10257557,3521753,36145
5/15/2023 0:00,10257557,3522062,36148
5/16/2023 0:00,10257557,3522340,36153
5/17/2023 0:00,10257557,3522596,36154
5/18/2023 0:00,10257557,3522831,36157
5/19/2023 0:00,10257557,3523020,36160
5/20/2023 0:00,10257557,3523182,36164
5/21/2023 0:00,10257557,3523308,36172
5/22/2023 0:00,10257557,3523513,36178
5/23/2023 0:00,10257557,3523791,36181
5/24/2023 0:00,10257557,3524009,36187
5/25/2023 0:00,10257557,3524234,36189
5/26/2023 0:00,10257557,3524422,36194
5/27/2023 0:00,10257557,3524558,36203
5/28/2023 0:00,10257557,3524681,36210
5/29/2023 0:00,10257557,3524807,36217
5/30/2023 0:00,10257557,3525097,36221
5/31/2023 0:00,10257557,3525325,36226
6/1/2023 0:00,10257557,3525527,36229
6/2/2023 0:00,10257557,3525714,36232
6/3/2023 0:00,10257557,3525848,36235
6/4/2023 0:00,10257557,3525968,36235
6/5/2023 0:00,10257557,3526215,36239
6/6/2023 0:00,10257557,3526467,36239
6/7/2023 0:00,10257557,3526685,36242
6/8/2023 0:00,10257557,3526884,36245
6/9/2023 0:00,10257557,3527076,36248
6/10/2023 0:00,10257557,3527181,36249
6/11/2023 0:00,10257557,3527285,36254
6/12/2023 0:00,10257557,3527528,36255
6/13/2023 0:00,10257557,3527786,36260
6/14/2023 0:00,10257557,3528021,36263
6/15/2023 0:00,10257557,3528215,36267
6/16/2023 0:00,10257557,3528410,36268
6/17/2023 0:00,10257557,3528552,36274
6/18/2023 0:00,10257557,3528677,36276
6/19/2023 0:00,10257557,3528921,36279
6/20/2023 0:00,10257557,3529160,36281
6/21/2023 0:00,10257557,3529380,36283
6/22/2023 0:00,10257557,3529615,36285
6/23/2023 0:00,10257557,3529816,36287
6/24/2023 0:00,10257557,3529949,36289
6/25/2023 0:00,10257557,3530056,36291
6/26/2023 0:00,10257557,3530285,36293
6/27/2023 0:00,10257557,3530490,36294
6/28/2023 0:00,10257557,3530703,36298
6/29/2023 0:00,10257557,3530926,36299
6/30/2023 0:00,10257557,3531101,36300
7/1/2023 0:00,10257557,3531256,36300
7/2/2023 0:00,10257557,3531348,36300
7/3/2023 0:00,10257557,3531523,36300
7/4/2023 0:00,10257557,3531624,36300
7/5/2023 0:00,10257557,3531813,36301
7/6/2023 0:00,10257557,3531959,36301
7/7/2023 0:00,10257557,3532103,36301
7/8/2023 0:00,10257557,3532197,36301
7/9/2023 0:00,10257557,3532291,36301
7/10/2023 0:00,10257557,3532318,36301
7/11/2023 0:00,10257557,3532318,36301
7/12/2023 0:00,10257557,3532581,36305
